component,dual_jvp,finite_diff_jvp,abs_err
1,  5.8213459565E-01,  5.8213465931E-01,  6.3660209104E-08
2,  5.6056523204E-01,  5.6056535408E-01,  1.2204162370E-07
