node,distance,predecessor
1,  0.0000000000E+00,-1
2,  7.0000000000E+00,1
3,  9.0000000000E+00,1
4,  2.0000000000E+01,3
5,  2.0000000000E+01,6
6,  1.1000000000E+01,3
