eig_real,eig_imag,mag,angle_rad
  9.0000000000E-01,  2.0000000000E-01,  9.2195444573E-01,  2.1866894587E-01
  9.0000000000E-01, -2.0000000000E-01,  9.2195444573E-01, -2.1866894587E-01
