M,T,Npaths,mean_weight,var_weight,mean_action,accept_rate,prop_sigma
20,  1.0000000000E+00,2000,  1.2831679731E-03,  2.0914475883E-05,  9.5631832349E+00,  5.3355132882E-01,  4.2559114653E-01
