id,orig_coeffs,F(p)_coeffs,D(p)_coeffs,F(D(p))_coeffs,D(F(p))_coeffs,residual_norm
f1,  1.0000000000E+00,  2.0000000000E+00,  0.0000000000E+00,  0.0000000000E+00,  2.0000000000E+00,  4.0000000000E+00,  0.0000000000E+00,  0.0000000000E+00,  2.0000000000E+00,  0.0000000000E+00,  0.0000000000E+00,  0.0000000000E+00,  2.0000000000E+00,  0.00
f2,  0.0000000000E+00,  0.0000000000E+00,  1.0000000000E+00,  1.0000000000E+00,  3.7500000000E-01,  3.5000000000E+00,  1.0000000000E+01,  8.0000000000E+00,  0.0000000000E+00,  2.0000000000E+00,  3.0000000000E+00,  0.0000000000E+00,  1.7500000000E+00,  1.00
f3,  1.0000000000E+00, -1.0000000000E+00,  5.0000000000E-01,  0.0000000000E+00,  6.2500000000E-01, -1.0000000000E+00,  2.0000000000E+00,  0.0000000000E+00, -1.0000000000E+00,  1.0000000000E+00,  0.0000000000E+00,  0.0000000000E+00, -5.0000000000E-01,  2.00
