vx,vy,|v|^2,bivector_mag
  1.0000000000E+00,  2.0000000000E+00,  5.0000000000E+00,  1.0000000000E+00
