moment1,moment2,moment3,mean_wick2,var_wick2
  1.8692920761E-04,  9.9916871141E-01,  2.9980426607E-03, -8.3128859133E-04,  2.0234962377E+00
