rank,approx_sigma
1,  7.1963873635E+00
2,  6.9936501783E+00
3,  6.9275649362E+00
4,  6.8160227295E+00
5,  6.7995634649E+00
6,  6.7294871030E+00
