dt,em_rmse,milstein_rmse
     0.001,  3.6824819963E-03,  3.9088368620E-04
     0.005,  8.5553736902E-03,  1.9453720828E-03
     0.010,  1.2100655394E-02,  3.6976745182E-03
     0.050,  3.1687404899E-02,  1.9240675904E-02
