N,nnz,direct_time,cg_time,cg_iters,cg_relres
1000,2998,0.000000E+00,0.000000E+00,500,0.000000E+00
2000,5998,0.000000E+00,1.562500E-02,1000,0.000000E+00
4000,11998,0.000000E+00,1.562500E-02,2000,0.000000E+00
8000,23998,0.000000E+00,1.093750E-01,4000,0.000000E+00
16000,47998,0.000000E+00,3.906250E-01,8000,0.000000E+00
