comp,eigenvalue,explained_variance,vec1,vec2,vec3
1,  4.6080418930E+01,  9.8884480327E-01,  4.4596933954E-01,  8.9485331719E-01, -1.8678568099E-02
2,  5.1770548400E-01,  1.1109499205E-02,  1.3086160559E-02,  1.4347610989E-02,  9.9981143145E-01
3,  2.1295161919E-03,  4.5697523346E-05,  8.9495256843E-01, -4.4612967492E-01, -5.3116295087E-03
