threshold,num_components
0.000000E+00,6
5.500909E-02,6
1.100182E-01,2
1.650273E-01,2
2.200364E-01,2
2.750455E-01,2
3.300545E-01,2
3.850636E-01,2
4.400727E-01,2
4.950818E-01,2
5.500909E-01,2
6.051000E-01,2
6.601091E-01,2
7.151182E-01,2
7.701273E-01,2
8.251364E-01,2
8.801454E-01,1
9.351545E-01,1
9.901636E-01,1
1.045173E+00,1
1.100182E+00,1
